"signature","transaction_type","success","application","commitment_level","slot_sent","slot_landed","time_difference","slotLatency"
"3bF2ThCvySmegQM2E6xLpVDzdn18yH4q6FBiPCCiDDZmkRew5A15mYiJZ8w3yrNUrjbDwmAvrnMDX2d8fqePUevV","transfer",true,"web3","confirmed",292891113,292891120,3643,7
"4Ddo7B3799e6qNa9XQ2izyn6sMVQNA9yFoGVH8ykeLXvqoQJehzhiEj1BuYAjRwLtTjxsK1Qf7yD4dby3Eygtw4K","transfer",true,"web3","confirmed",292891162,292891168,3329,6
"339ykN2VsMzx5CibsHx8d2KBHg3ouNbQosJA7TvnPsbAP4Pa4G2hakAGyaiupBDXVSDBmZSx9M8p92uAg5Zsv67E","transfer",true,"web3","confirmed",292891180,292891184,2707,4
"5DmCjBoQXKhbrJumqiNQ61zMAVcznSnfuXUfdBNp2LXMVzDZH8w4FH7MZgtm15ERGArXuxYTZ6L19FHhpoJSo3nu","transfer",true,"web3","confirmed",292891236,292891245,4400,9
"22tUQsUmgEkpRpd1tJW48ptxWAKccDCtB6jxAsTRihVr7qKhbea2sRWZXmXumF61em4fS75sPge6bae4niAw6DSb","transfer",true,"web3","confirmed",292891254,292891261,3622,7
"36NnjPyrTectQmmWHY5Bfjwnxug3Cnc7eP3ozV23zyC8qQwfmsSDPQkMQ3beMem7LJzrWGgQGYM8CzHe6Uwbz2uJ","transfer",true,"web3","confirmed",292891296,292891304,4112,8
"65f9jaUvHLbTrZkyJ8MyxG8bxATBHutCVhBjgDYbdjFkm7YdWTGHLNtjzYmXAaBA8LdSS4w3yS84fYXBunQLC83M","transfer",true,"web3","confirmed",292891368,292891372,2281,4
"3n3D8r8ryH17x8egYkQzTGJqBqeKTrfUD2RhTU31KNxLSc5wQoZ7A8iqVGcyRmhimBtudmAwh3cpwCZeQ4hYR4H7","transfer",true,"web3","confirmed",292891382,292891388,3150,6
"3e1YxMMKSvdeUU2zYAs2zbLLGUwC4TDwwCJXMnwDFBfSedRdWTF7YvBdkHW5Xy9PQ2aZnJfmDZVcr2Dx9QeR973b","transfer",true,"web3","confirmed",292891398,292891403,3150,5
"3ZHV5nsU2rRjLpHLCYRsa9hj1uKPvUhCqx3v8MFEcwgtEcbokRSHPAFkHRWGet26BQ45RJcYBBiTw9NM1vbHHbZ1","transfer",true,"web3","confirmed",292891412,292891420,4202,8
"3UVtySDm28LeHdr8xvGrYx3wNAVNcmJM9KwA5EkL1HccF3edJBf3auS927r7wrYFrwo85cHnEQjTBo39PvSuwHYy","transfer",true,"web3","confirmed",292891429,292891432,2274,3
"5KdcxwM62FmkyPdcPGVPTSHZevMfrVsi2vad23DiB2wp4GJD2jggyuVznFCrnR9Zi5Jq5BhXJoPRqCTVK2c5uZTa","transfer",true,"web3","confirmed",292891618,292891626,4111,8
